{
  "Colombo (Fort)": [6.934672358661908, 79.84284827366363],
  "Peliyagoda": [6.955913062431973, 79.88342478565333],
  "Kadawatha": [7.007114972719572, 79.95984049486013],
  "Yakkala": [7.085901085491512, 80.03335384300884],
  "Pasyala": [7.168421174232621, 80.1240811187328],
  "Ambepussa": [7.241266794586995, 80.21131387605458],
  "Nelundeniya": [7.234780621245323, 80.26255794123658],
  "Galigamuwa": [7.235253666231261, 80.3099597677875],
  "Kegalle": [7.252916068807255, 80.34313217932656],
  "Mawanella": [7.254256234367832, 80.4464493206925],
  "Hingula": [7.247709322542213, 80.46839997038545],
  "Kaduwannawa": [7.257036332995776, 80.51899054221876],
  "Peradeniya": [7.264169039246882, 80.59292728888822],
  "Kandy": [7.293134156753783, 80.63502166140502]
}
